{
  "interactionModel": {
    "languageModel": {
      "invocationName": "qn and ans",
      "intents": [
        {
          "name": "AMAZON.CancelIntent",
          "samples": []
        },
        {
          "name": "AMAZON.HelpIntent",
          "samples": []
        },
        {
          "name": "AMAZON.StopIntent",
          "samples": []
        },
        {
          "name": "HelloWorldIntent",
          "slots": [],
          "samples": [
            "hello",
            "how are you",
            "say hi world",
            "say hi",
            "hi",
            "say hello world",
            "say hello"
          ]
        },
        {
          "name": "AMAZON.NavigateHomeIntent",
          "samples": []
        },
        {
          "name": "AMAZON.FallbackIntent",
          "samples": []
        },
        {
          "name": "CaptureQuestionIntent",
          "slots": [
            {
              "name": "question",
              "type": "AMAZON.SearchQuery"
            }
          ],
          "samples": [
            "help me {question}",
            "find {question}"
          ]
        },
        {
          "name": "CaptureAnswerIntent",
          "slots": [
            {
              "name": "answer",
              "type": "AMAZON.SearchQuery"
            }
          ],
          "samples": [
            "The answer is {answer}",
            "answer is {answer}"
          ]
        },
        {
          "name": "AMAZON.YesIntent",
          "samples": []
        },
        {
          "name": "AMAZON.NoIntent",
          "samples": []
        }
      ],
      "types": [
        {
          "values": [
            {
              "name": {
                "value": "nah"
              }
            },
            {
              "name": {
                "value": "yeap"
              }
            },
            {
              "name": {
                "value": "yeah"
              }
            },
            {
              "name": {
                "value": "yes"
              }
            },
            {
              "name": {
                "value": "no"
              }
            }
          ],
          "name": "yesno"
        }
      ]
    }
  },
  "version": "8"
}